Date,disaster_type,Incident_Count,Location,Severity_Index
2021-07-16,DOMESTIC FIRE,1,ESIAMA,1
2019-11-02,WINDSTORM,1,AGONA NKWANTA,1
21/03/19,WINDSTORM,1,MPATASE,1
22/03/19,WINDSTORM,1,ABURA,1
23/03/19,WINDSTORM,1,AKWIDAA,1
25/4/19,WINDSTORM,1,BONWIRE JUNCTION,1
2019-01-05,WINDSTORM,1,AHOBRE,1
2019-01-05,WINDSTORM,1,ESIAMA,1
21/5/19,WINDSTORM,1,ESIAMA,1
21/5/19,FLOOD,1,"ABURA,AGONA",1
2021-07-16,RAINSTORM,1,ESIAMA,1
2019-10-14,FLOOD,2,"ABURA,AGONA",1
2019-11-23,FLOOD,1,DIXCOVE,1
2019-07-03,RAINSTORM,1,"ESSIPONG,ESSAMAM,MPINTSIN",1
2019-01-05,RAINSTORM,1,ESIAMA,1
31/5/19,FLOOD,1,ESIAMA,1
2019-10-11,FLOOD,1,ESHIEM,1
19/2/19,RAINSTORM,1,NYANSO,1
31/5/19,RAINSTORM,1,ESIAMA,1
2019-07-06,FLOOD,1,ESIAMA,1
2019-07-06,RAINSTORM,1,ESIAMA,1
2019-04-07,RAINSTORM,1,AKYIM,1
2019-10-10,RAINSTORM,1,NEW BENSO,1
2019-10-10,RAINSTORM,1,BENSO ATAKROM,1
2019-11-27,WINDSTORM,1,NSUAEM,1
24/3/19,RAINSTORM,1,COCOA TOWN,1
24/3/19,RAINSTORM,1,JAWAY,1
30/5/19,FLOOD,1,ESIAMA,1
2019-10-12,FLOOD,1,"JOMRO,MANTSEMANKABI,MENTUKWA,ELEBO ZONGO,NEWTOWN,BANYIN,ELEBO CEMETRY,ELEBO GYINAKRO,ELEBO POST OFFICE",1
2019-10-13,FLOOD,1,GYINAKO,1
2019-10-13,FLOOD,1,POST OFFICE,1
2019-10-13,FLOOD,1,MANTEMANKABI,1
2019-10-13,FLOOD,1,ZONGO,1
2019-10-13,FLOOD,1,NDABULA,1
2019-10-13,FLOOD,1,COCOA TOWN,1
2019-10-13,FLOOD,1,GHANA NUNGUA,1
2019-10-13,FLOOD,1,NSUANO,1
2019-10-13,FLOOD,1,MARKET,1
2019-10-13,FLOOD,1,NEW TOWN,1
2019-10-13,FLOOD,1,AMAMAMO,1
2019-10-13,FLOOD,1,MANTUKWA,1
2019-10-13,FLOOD,1,BEYIN,1
2019-12-19,DOMESTIC FIRE,1,ENZINITIANU,1
2019-07-03,RAINSTORM,1,KOMFREKU,1
11/319,WINDSTORM,1,ESUMANKROM,1
17/3/19,FLOOD,1,SHAMA KUMASI,1
14/4/19,FLOOD,1,ESIAMA,1
2019-08-05,WINDSTORM,1,ESIAMA,1
2019-01-05,TIDAL WAVES,1,ESIAMA,1
2021-07-16,WINDSTORM,1,ESIAMA,1
2021-07-16,FLOOD,1,ESIAMA,1
2019-10-14,FLOOD,1,AMISSAHKROM,1
2019-10-14,FLOOD,1,UPPER INCHABAN,1
2019-10-14,FLOOD,1,LOWER INCHABAN,1
2019-10-14,FLOOD,1,NEW DABOASE JUNCTION,1
2019-01-04,WINDSTORM,1,NKAKEM,1
27/5/19,RAINSTORM,1,NKAKEM,1
31/5/19,WINDSTORM,1,ESIAMA,1
2019-03-09,TIDAL WAVES,1,AGYAN,1
2019-11-10,FLOOD,1,"DUALE,AJOMORO,SIKA NYEASEM,AVREBO,NUABESA,GWIRA-BANSO,BAMIANKOR,SENTUM",1
2019-10-14,FLOOD,1,"AVREBO,GWIRA BANSO,NUABESA",1
2019-10-15,FLOOD,1,"DUALE,KUTUKROM,BAMIANKOR",1
2019-10-16,FLOOD,1,"SENTUM,GWIRA ESIAM,",1
2019-10-17,FLOOD,1,AJOMORO ESIAM,1
2019-10-28,FLOOD,1,KAKUSUZO,1
2019-10-27,FLOOD,1,AMANVUMANU,1
2019-10-28,FLOOD,1,BOKRO,1
2019-06-05,WINDSTORM,1,ESIAMA,1
13/5/19,WINDSTORM,1,ESIAMA,1
2019-06-03,RAINSTORM,1,ESIAMA,1
2019-09-04,WINDSTORM,1,ESIAMA,1
2019-10-13,FLOOD,1,SALMA,1
2019-11-13,FLOOD,1,ADUBRIEM,1
2019-10-13,FLOOD,1,AKROPONG,1
17/3/19,RAINSTORM,1,NKAKAA,1
20/3/19,WINDSTORM,1,"KWASIKRU,SOMPRE",1
20/3/19,WINDSTORM,1,SOMPRE,1
22/3/19,RAINSTORM,1,DWIFE,1
19/4/19,RAINSTORM,1,ESIAMA,1
20/4/19,RAINSTORM,1,ESIAMA,1
17/01/19,WINDSTORM,1,DABOASE,1
18/01/19,WINDSTORM,1,ATIEKU,1
27/01/19,WINDSTORM,1,SUBRI,1
2019-04-11,WINDSTORM,1,SEKYEREKROBO,1
2019-11-22,WINDSTORM,1,SEKYREADIEMBRA,1
2019-07-04,RAINSTORM,1,ESIAMA,1
2019-07-05,RAINSTORM,1,ESIAMA,1
2019-10-12,FLOOD,1,"HOSPITAL RIDGE,EDUCATION OFFICED,YIRASE,ASUOHYIAM",1
26/3/19,RAINSTORM,1,PRESTEA,1
2019-02-05,FLOOD,1,ESIAMA,1
13/5/19,RAINSTROM,1,ESIAMA,1
2019-02-06,RAINSTORM,1,ESIAMA,1
24/6/16,FLOOD,1,ESIAMA,1
2019-10-24,FLOOD,1,PRESTEA,1
2019-10-27,FLOOD,1,ABOSO,1
2019-10-28,FLOOD,1,JUABEN,1
2019-10-28,FLOOD,1,BEPPO,1
2019-10-31,FLOOD,1,HIMAN,1
2019-10-31,FLOOD,1,BOGOSO,1
2019-10-03,WINDSTORM,1,"JAPA,ASUOJA,KROBO GYEDUA,DOMEABRA,WANTRAM",1
2019-10-28,FLOOD,1,WASSA SAA,1
2019-06-02,RAINSTORM,1,SOUTH EFFIAKUMA ESTATE,1
2019-01-05,RAINSTORM,1,RAINSTORM,1
2019-10-20,FLOOD,1,WHINDO NEWSITE,1
2019-10-20,MAN MADE,1,ASSAKAE,1
2019-10-20,FLOOD,1,ANAJI OLD BRIGADE,1
2019-10-20,FLOOD,1,KWESIMINTSIM,1
2019-10-20,FLOOD,1,APREMDO TOWN,1
22/3/19,RAINSTORM,1,ABODUAM,1
2019-04-04,RAINSTORM,1,ESIAMA,1
2019-10-06,RAINSTORM,1,ESIAMA,1
2019-12-06,FLOOD,1,ESIAMA,1
2019-01-07,RAINSTORM,1,AHWIAM,1
2019-10-07,RAINSTORM,1,ASAWINSO,1
2019-08-25,FLOOD,1,PEAWUDIE,1
2019-09-16,RAINSTORM,1,PABOASE,1
2019-09-19,RAINSTORM,1,FUTA,1
2019-11-04,RAINSTORM,1,"GYAKROM,AFRIKROM",1
2019-11-12,FLOOD,1,SUSUMENELEE,1
21/3/19,RAINSTORM,1,NEW GYASIKROM,1
18/1/19,RAINSTORM,1,NYAKAMAM,1
18/1/19,RAINSTORM,1,OMAPE,1
15/04/19,FLOOD,1,ESIAMA,1
18/4/19,PEST&INSECT INFESTATION,1,ESIAMA,1
2019-07-09,RAINSTORM,1,YAKASI,1
2019-11-10,FLOOD,1,"ENCHI,OLD YKASE,NEW YAKASE,BOINSO,OMANYEPE",1
2019-10-14,FLOOD,1,ENCHI,1
2019-10-14,FLOOD,1,OLD YAKASI,1
2019-10-15,FLOOD,1,NEW YAKASI,1
2019-10-15,FLOOD,1,BOINSO,1
2019-10-15,FLOOD,1,OMANYEPE,1
2019-03-19,WINDSTORM,1,PROSO,1
2019-03-19,WINDSTORM,1,KOFIKROM,1
2019-01-06,WINDSTORM,1,ESIAMA,1
2019-08-13,RAINSTORM,1,BOINZAIN,1
2019-10-02,FLOOD,1,JUABOSO,1
2019-10-22,WINDSTORM,1,ADABOKROM,1
2019-11-04,RAINSTROM,1,ESIAMA,1
2019-12-04,FLOOD,1,ESIAMA,1
2019-10-19,FLOOD,1,MISIBA,1
2019-10-20,FLOOD,1,AKONTOMBRA,1
2019-10-22,FLOOD,1,ADABOKROM,1
2019-10-23,FLOOD,1,AYISAKROM,1
2019-10-28,LANDSLIDE,1,KABIESIE,1
2019-11-19,RAINSTORM,1,BOPA,1
28/01/19,RAINSTORM,1,ADOBEWURA,1
2019-02-02,RAINSTORM,1,DEGEDE,1
2019-10-03,RAINSTORM,1,ATTAKROM,1
22/03/19,RAINSTORM,1,BREMAN,1
2019-09-04,RAINSTORM,1,ESIAMA,1
24/06/19,FLOOD,1,ESIAMA,1
25/06/19,RAINSTORM,1,ESIAMA,1
2019-06-25,FLOOD,1,ESIAMA,1
25/05/19,RAINSTORM,1,ESIAMA,1
2019-07-15,RAINSTORM,1,HUJIBRE,1
2019-08-18,FLOOD,1,BEKWAI,1
2019-11-28,RAINSTORM,1,NKETIESO,1
2019-08-03,WINDSTORM,1,KRAYAWKROM,1
2019-05-05,WINDSTORM,1,ESIAMA,1
2020-01-22,DOMESTIC FIRE,1,DIXCOVE,1
2020-03-12,WINDSTORM,1,KEJABIL,1
2020-03-01,DOMESTIC FIRE,1,DIXCOVE,1
2020-04-22,RAINSTORM,1,KEJABIL,1
2020-04-26,WINDSTORM,1,ACHOWA,1
2020-04-26,WINDSTORM,1,ABOADI,1
2020-04-27,DOMESTIC FIRE,1,ESIAMA,1
2020-05-13,DOMESTIC FIRE,1,BEAHU,1
2020-08-20,COMMERCIAL FIRE,1,AGONA NKWANTA MKT,1
2020-08-24,FLOOD,1,BUTRE,1
2020-08-28,MAN MADE,1,BUSUA JUNCTION,1
2020-09-22,DOMESTIC FIRE,1,ASEMASA,1
2020-03-14,DOMESTIC FIRE,1,ADUM DOMINASE,1
2020-04-06,FLOOD,1,BANSO,1
2020-04-06,WINDSTORM,1,AYIEM,1
2020-11-05,DOMESTIC FIRE,1,MPOHOR,1
2020-08-29,DOMESTIC FIRE,1,BANSO,1
2020-09-13,DOMESTIC FIRE,1,MPOHOR,1
2020-09-27,MAN MADE,1,BANSO,1
2020-06-02,DOMESTIC FIRE,1,ADA NKWANTA,1
2020-10-02,DOMESTIC FIRE,1,NEWTOWN,1
2020-02-16,DOMESTIC FIRE,1,OLD TOWN,1
2020-11-05,DOMESTIC FIRE,1,APEMANYIM,1
2020-11-06,MAN MADE,1,BEPOSO,1
2020-10-27,DOMESTIC FIRE,1,ABOADZE,1
2020-11-26,FLOOD,1,ABUESI,1
2020-12-13,DOMESTIC FIRE,1,SHAMA,1
2020-01-13,DOMESTIC FIRE,1,ESIAMA,1
2020-01-21,MAN MADE,1,OBENKROM,1
2020-01-02,DOMESTIC FIRE,1,SALMA,1
2020-11-02,BUSH FIRE,1,AKPANDUE,1
2020-02-13,DOMESTIC FIRE,1,NEW BANKATA,1
2020-06-03,DOMESTIC FIRE,1,ASEMKO,1
2020-04-14,DOMESTIC FIRE,1,AWIEBO,1
2020-05-05,DOMESTIC FIRE,1,ESIAMA,1
2020-01-07,DOMESTIC FIRE,1,BOBRAMA,1
2020-07-20,DOMESTIC FIRE,1,KIKAM,1
2020-08-18,DOMESTIC FIRE,1,NKROFUL,1
2020-12-09,COMMERCIAL FIRE,1,SANZULE EWE COMMUNITY,1
2020-10-14,DOMESTIC FIRE,1,NKROFUL,1
2020-01-18,WINDSTORM,1,NSUAEM . DOMPIM,1
2020-02-18,RAINSTORM,1,"NKAMPONASE,DOMPIM",1
2020-08-03,DOMESTIC FIRE,1,BENSO,1
2020-04-01,WINDSTORM,1,DOMPIM,1
2020-04-01,WINDSTORM,1,BENSO,1
2020-04-01,WINDSTORM,1,ADIEWOSO,1
2020-04-18,DOMESTIC FIRE,1,RAILWAY QTR,1
2020-04-26,FLOODING,1,ESSAMAN,1
2020-05-23,FLOODING,1,RAILWAY QTR,1
2020-05-25,DOMESTIC FIRE,1,NEW MANKESSIM,1
2020-05-27,COMMERCIAL FIRE,1,SIMPA,1
2020-07-14,DOMESTIC FIRE,1,AKOON,1
2020-05-08,COMMERCIAL FIRE,1,TARKWA,1
2020-10-08,COMMERCIAL FIRE,1,NZEMALINE,1
2020-04-09,COMMERCIAL FIRE,1,AKYEPIM,1
2020-10-06,MAN MADE,1,AKOON,1
2020-05-18,RAINSTORM,1,NSUOPUN,1
2020-05-20,RAINSTORM,1,ADANSE,1
2020-03-06,RAINSTORM,1,ESIAMA,1
2020-03-01,DOMESTIC FIRE,1,YEDIYESELE,1
2020-02-26,DOMESTIC FIRE,1,APATAIM,1
2020-05-03,DOMESTIC FIRE,1,TEBAKROM,1
2020-08-05,DOMESTIC FIRE,1,BAMIANKOR,1
2020-11-05,DOMESTIC FIRE,1,AXIM,1
2020-05-22,DOMESTIC FIRE,1,KEGYINA,1
2020-05-22,COMMERCIAL FIRE,1,AYISAKRO,1
2020-02-08,DOMESTIC FIRE,1,BOKAZO,1
2020-08-29,DOMESTIC FIRE,1,KEGYINA,1
2020-11-13,DOMESTIC FIRE,1,GWIRA BANSO,1
2020-02-20,WINDSTORM,1,ANTO KUBEKRO,1
2020-03-17,WINDSTORM,1,SEKYERE ABRODZERUM,1
2020-05-04,WINDSTORM,1,AKYEMPIM,1
2020-05-04,DOMESTIC FIRE,1,ATIEKU,1
2020-07-04,DOMESTIC FIRE,1,AKYEMPIM,1
2020-12-04,BUSH FIRE,1,JERUSALEM,1
5/8/202,DOMESTIC FIRE,1,BOKOKROM,1
2020-03-13,COMMERCIAL FIRE,1,ALLAN BEACH,1
2020-10-04,DOMESTIC FIRE,1,NEW TAKORADI,1
2020-07-07,DOMESTIC FIRE,1,NKROFUL NKWANTA,1
2020-07-18,DOMESTIC FIRE,1,KOJOKROM,1
2020-08-15,COMMERCIAL FIRE,1,TAKORADI,1
2020-08-25,COMMERCIAL FIRE,1,AMANFUL,1
2020-09-06,DOMESTIC FIRE,1,KANSAWORDO,1
2020-10-20,DOMESTIC FIRE,1,TAKORADI,1
2020-10-23,DOMESTIC FIRE,1,ZONGO,1
2020-10-28,DOMESTIC FIRE,1,MARKET,1
2020-11-08,DOMESTIC FIRE,1,TAKORADI NO.1,1
2020-11-19,DOMESTIC FIRE,1,SEKONDI,1
2020-11-28,FLOOD,1,"NTAKOFUL,KANSAWORDO,DIBENE",1
2020-01-04,RAINSTORM,1,ASANKRANGWA,1
2020-01-04,RAINSTORM,1,ASUOHYIAM,1
2020-01-04,RAINSTORM,1,SAMREBOI,1
2020-01-04,RAINSTORM,1,BREMAN,1
2020-01-04,RAINSTORM,1,MUMUNI,1
2020-01-04,RAINSTORM,1,PATAKORO,1
2020-01-04,RAINSTORM,1,ATOBRAKROM,1
2020-01-04,RAINSTORM,1,JAMESBOA,1
2020-01-04,RAINSTORM,1,GYAMAN,1
2020-01-04,RAINSTORM,1,SIKA NTI,1
2020-01-04,RAINSTORM,1,KWABENG,1
2020-01-04,RAINSTORM,1,ODAA AHENKRO,1
2020-01-04,RAINSTORM,1,MEMPEASEM,1
2020-11-05,FLOODING,1,ASUOHYIAM,1
2020-11-05,FLOODING,1,ATOBRAKROM,1
2020-07-27,DOMESTIC FIRE,1,AWORABO,1
2020-12-08,DOMESTIC FIRE,1,NEW TOWN,1
2020-03-18,COMMERCIAL FIRE,1,AGYEIKROM,1
2020-04-05,RAINSTORM,1,KROFROM,1
2020-04-09,MAN-MADE,1,ABOSO,1
2020-04-27,RAINSTORM,1,"GYIMAKROM,ADADEKROM",1
2020-04-30,MAN-MADE,1,ABOSO,1
2020-05-11,RAINSTORM,1,EHYIRESO,1
2020-05-18,RAINSTORM,1,BEPOH,1
2020-05-25,MAN-MADE,1,"DAMANG,DUMASI",1
31/2/2020,DOMESTIC FIRE,1,ELLOWULE,1
2020-02-20,DOMESTIC FIRE,1,EHOAKA,1
2020-03-22,DOMESTIC FIRE,1,ELUBO,1
2020-03-10,FLOOD,1,ELUBO,1
2020-03-14,RAINSTORM,1,HALF ASSIN,1
2020-04-01,RAINSTORM,1,"ANLOMATOUPE,HALF ASSINI,TAKINTA,ATWEBA, EDOBO,ELENDA,EFFASU,ENZINYI TIANU,BOAKWA",1
2020-04-25,DOMESTIC FIRE,1,AMANZULE NORTH,1
2020-06-17,DOMESTIC FIRE,1,EKEGYINA,1
2020-06-30,FLOOD,1,"OLD EDOBO,NEWEDOBO,ATWEBANSO",1
2020-01-07,FLOOD,1,OLD EDOBO,1
2020-02-07,FLOOD,1,NEW EDOBO,1
2020-03-07,FLOOD,1,ATWEBAN,1
2020-07-15,DOMESTIC FIRE,1,ALEWULE,1
2020-01-08,DOMESTIC FIRE,1,KABSUAZO,1
2020-02-08,DOMESTIC FIRE,1,JAWAY,1
2020-06-08,DOMESTIC FIRE,1,J/WHARF,1
2020-11-10,DOMESTIC FIRE,1,ESIAMA,1
2020-04-24,WINDSTORM,1,"DOMINASE,KYEIKROM,ASUMAUM",1
2020-06-05,RAINSTORM,1,PENSAN,1
2020-06-14,FLOOD,1,MANSO AMENFI,1
2020-01-14,FLOOD,1,ADENTIEM,1
2020-04-11,DOMESTIC FIRE,1,KWESIMINTSIM,1
2020-04-14,DOMESTIC FIRE,1,SARBON ZONGO,1
2020-04-23,WINDSTORM,1,ZONGO,1
2020-06-05,DOMESTIC FIRE,1,APREMDO,1
2020-08-24,MAN MADE,1,EFFIA,1
2020-10-13,DOMESTIC FIRE,1,ABENBOBOM,1
2020-11-09,DOMESTIC FIRE,1,NEWSITE,1
2021-02-18,WINDSTORM,1,AGONA NKWANTA,1
2021-02-21,WINDSTORM,1,"KUBEKOR,NTAAKROM",1
2021-03-23,WINDSTORM,1,APEMENIM,1
2021-05-20,LIGHTENING,1,AGONA NKWANTA,1
2021-07-16,FLOOD,1,ADJUMAKO MPATAASE,1
2021-07-16,FLOOD,1,ABURA,1
2021-07-16,FLOOD,1,GYABENEKROM,1
2021-07-16,FLOOD,1,ASEMBA,1
2021-07-16,FLOOD,1,ASEMKOW,1
2021-07-16,FLOOD,1,EWUSIEJOE,1
2021-07-16,FLOOD,1,MPAYINASA,1
2021-07-16,FLOOD,1,AGONA NKWANTA,1
2021-07-16,FLOOD,1,PRINCESS AKATAKYI,1
2021-07-16,FLOOD,1,HOPOTO,1
2021-07-16,FLOOD,1,AKETENCHI,1
2021-07-16,FLOOD,1,FIATI,1
2021-07-16,FLOOD,1,SANKOR,1
2021-07-16,FLOOD,1,ABOADI,1
2021-07-16,FLOOD,1,DUAHOROZO,1
2021-11-15,TIDAL WAVES,1,BUTRE,1
2021-10-10,FLOOD,1,ENOE,1
2021-01-03,WINDSTORM,1,MANSO,1
2021-05-10,WINDSTORM,1,"K9,MANSO",1
2021-06-10,WINDSTORM,1,MANSO,1
2021-06-17,WINDSTORM,1,MANSO,1
2021-07-16,FLOOD,1,MPOHOR,1
2021-07-16,WINDSTORM,1,AYIEM,1
2021-03-02,RAINSTORM,1,WASSA AGONA,1
2021-05-03,RAINSTORM,1,"SUBRISO,AKOON NZEMAFOKROM,BANSO DOMEABRA",1
2021-03-23,RAINSTORM,1,"OLD TOWN,KWAMNAEKROM,ROMAN CATHOLIC SCHOOL",1
2021-04-24,RAINSTORM,1,BONSA,1
2021-05-20,WINDSTORM,1,AKOON,1
2021-05-20,WINDSTORM,1,CYANIDE,1
2021-05-20,WINDSTORM,1,BRAHABEBOME,1
2021-05-20,WINDSTORM,1,RAILWAY BANGALOW,1
2021-05-20,WINDSTORM,1,ZONGO,1
2021-05-20,WINDSTORM,1,BRENUAKYIM,1
2021-06-16,WINDSTORM,1,TEBREBE,1
2021-07-08,FLOOD,1,BRENUAKYIM,1
2021-07-08,FLOOD,1,BRAHABEBOME,1
2021-07-09,FLOOD,1,BANKYIM,1
2021-08-09,FLOOD,1,AKYEMPIM,1
2021-09-09,FLOOD,1,BRAHABEBOME,1
2021-09-10,RAINSTORM,1,DOMPIM-PEPESA,1
2021-09-13,RAINSTORM,1,ADIEWOSO,1
2021-11-17,WINDSTORM,1,ANOMAKOKROM,1
2021-12-01,RAINSTORM,1,BUNG,1
2021-12-01,RAINSTORM,1,ADWOZE,1
2021-12-10,FLOOD,1,ABUESI,1
2021-12-10,FLOOD,1,ATWEREBOANDA,1
2021-12-10,FLOOD,1,KPOKORKOPE,1
2021-12-10,FLOOD,1,OHIAMAWEN,1
2021-07-11,TIDAL WAVES,1,ANLO BEACH,1
2021-02-15,RAINSTORM,1,SIKANEASEM,1
2021-11-28,RAINSTORM,1,NSEIN,1
2021-03-22,WINDSTORM,1,AKPANDUE,1
2021-03-24,WINDSTORM,1,"SANZULE,ANNORKYI,BASAKE,KAMBULI",1
2021-06-21,FLOOD,1,AYINASI,1
2021-07-14,FLOOD,1,ASANTA,1
2021-04-10,PEST INFESTATION,1,"ASANTA,ASEMKO,OLD BAKANTA,ESIAMA,EKWEI",1
2021-06-11,DOMESTIC FIRE,1,ESIAMA,1
2021-02-16,RAINSTORM,1,APONTENKROM,1
2021-04-06,RAINSTORM,1,ANAKUM,1
2021-04-10,RAINSTORM,1,AGYADEN,1
2021-07-03,WINDSTORM,1,ESSAMANG,1
2021-10-03,WINDSTORM,1,"OLD SUBRI,BAASE",1
2021-04-26,WINDSTORM,1,ATEIKU,1
2021-04-27,WINDSTORM,1,ATEIKU OSENSO,1
2021-01-09,FLOOD,1,ATEIKU,1
2021-04-26,WINDSTORM,1,"BLOCKSO,ASANKRANGWA",1
2021-06-15,COMMERCIAL FIRE,1,ASIKAFO-ANBANTEM,1
2021-06-26,FLOOD,1,CANAAN,1
2021-03-24,DOMESTIC FIRE,1,WASSA DAMAN,1
2021-04-08,FLOOD,1,WASSA AKROPONG,1
2021-07-08,FLOOD,1,WASSA AFRANSIE,1
2021-01-09,DOMESTIC FIRE,1,WASSA AKROPONG,1
2021-11-30,RAINSTORM,1,WASSA SUHYENSU,1
2021-05-12,DOMESTIC FIRE,1,WASSA AKROPONG,1
2021-12-15,MAN MADE,1,WASSA AKROPONG,1
2021-02-25,FLOOD,1,CINDYS COTTAGE HOUSING AREA,1
2021-04-10,DOMESTIC FIRE,1,ZONGO,1
2021-04-05,DOMESTIC FIRE,1,ZONGO,1
2021-04-07,DOMESTIC FIRE,1,NEWSITE,1
2021-01-07,RAINSTORM,1,BANKYEASE,1
2021-07-17,RAINSTORM,1,ANAJI,1
2021-06-09,DOMESTIC FIRE,1,NEWSITE F-COMPOUND,1
2024-02-26,DOMESTIC FIRE,1,ANTO,1
2024-04-17,DOMESTIC FIRE,1,SHAMA JUNCTION,1
2024-05-25,BUILDING COLLAPSE,1,SHAMA,1
2024-06-19,BUILDING COLLAPSE,1,FAWOMANYE,1
2024-11-19,DOMESTIC FIRE,1,ITUMA,1
2024-04-17,RAINSTORM,1,MENZEZOR,1
2024-04-25,DOMESTIC FIRE,1,BASAKE,1
2024-11-05,DOMESTIC FIRE,1,AKROPONG,1
2024-05-22,RAINSTORM,2,"ANKOBRA,EIKWE",1
2024-05-22,WINDSTORM,1,KWASIKROM,1
2024-06-19,DOMESTIC FIRE,1,KWAMENAKROM,1
2024-01-13,DOMESTIC FIRE,1,DOMPIM,1
2024-10-05,DOMESTIC FIRE,1,NYAME NNAE,1
2024-05-16,DOMESTIC FIRE,1,ASANKRANGWA,1
2024-06-18,DOMESTIC FIRE,1,BREMAN,1
2024-02-17,DOMESTIC FIRE,1,AZULETI,1
2024-07-03,RAINSTORM,1,"HALF ASSINI , ADUSUAZO",1
2024-03-21,DOMESTIC FIRE,1,HALF ASSINI,1
2024-05-05,DOMESTIC FIRE,1,METIKA,1
2024-12-06,TIDAL WAVES,1,MPEASEM,1
2024-06-25,FLOOD,1,"NEW EDOBO,OLD EDOBO,HALF ASSINI,BENYIN",1
2024-06-27,FLOOD,1,TAKINTA,1
2024-10-06,TIDAL WAVES,1,BONYERE,1
2024-04-06,TIDAL WAVES,1,EZINLINBO,1
30/08/24,DOMESTIC FIRE,1,HALF ASSINI,1
2024-01-24,EPIDEMICS (AVIAN FLU),1,ESHIEM,1
2024-02-02,EPIDEMICS (AVIAN FLU),1,NTAMAKROM,1
2024-01-29,DOMESTIC FIRE,1,YENSUADO(NAVAL QTRS),1
2024-03-04,COMMERCIAL FIRE,1,NGIRESIA,1
2024-04-22,DOMESTIC FIRE,1,TAKORADI AMANFUL,1
2024-03-07,FLOODING,1,ESSIPONG,1
2024-04-07,FLOODING,1,KETAN,1
2024-04-07,FLOODING,1,BAKODO,1
2024-09-13,ROAD ACCIDENT,1,KANSAWORDO,1
2024-11-20,DOMESTIC FIRE,1,MPINTSIN,1
2024-12-30,DOMESTIC FIRE,1,YENSUADO,1
2024-05-12,DOMESTIC FIRE,1,BAKAKYIRE,1
2024-06-05,RAINSTORM,1,"EDELESUAZO,ANAGYE,EWUKU,EGUAFO,AGONA",1
2022-01-23,COMMERCIAL FIRE,1,DIXCOVE,1
2022-06-21,FLOOD,1,"ASEMASA,AKATENCHIE,ACHOWAI,TIGARI,AHUNTUMAN",1
2022-06-15,FLOOD,1,"APOWA, BEAHU, NEW AMANFUL, FUNKO, KEJEBIL",1
2022-09-09,DOMESTIC FIRE,1,EWUSIEDJOE,1
2022-09-13,FLOOD,1,DAMTI,1
2022-09-24,FLOOD,1,BEAHU,1
2022-11-29,DOMESTIC FIRE,1,ADAANSE,1
2022-01-20,DOMESTIC FIRE,1,MPOHOR,1
2022-03-15,WINDSTORM,3,"MPOHOYABEW,OBRAYEBONA,TREBUO",1
2022-03-16,WINDSTORM,1,OBRAYEBONA,1
2022-03-16,INSECT/PESTICIDE,1,MPOHOR,1
2022-03-26,WINDSTORM,1,BANSO,1
2022-05-15,FLOOD,1,MPOHOR,1
2022-07-14,WINDSTORM,1,BANSO,1
2022-07-28,WINDSTORM,1,MANSO,1
2022-04-08,WINDSTORM,1,ADANSE,1
2022-01-25,DOMESTIC FIRE,1,ABUESI-BAKAEKYIR,1
2022-01-26,DOMESTIC FIRE,1,ABUESI COMPOUND,1
2022-03-21,ROAD ACCIDENT,1,ASEAMASA,1
2022-06-18,FLOOD,1,"INCHABAN,SHAMA JUNCTION,BEPOSO",1
2022-12-08,DOMESTIC FIRE,1,NEW JERUSALEM,1
2022-08-28,COMMERCIAL FIRE,1,ABEASE,1
2022-03-03,COMMERCIAL FIRE,1,AIYINASI,1
2022-06-03,DOMESTIC FIRE,1,AIYINASI,1
2022-05-04,DOMESTIC FIRE,1,ANWIA,1
2022-08-04,RAINSTORM,1,"ASEMKO,KRISAN,NKROFUL,DADWEN,ASOMASE,BASEKE,SANTASO,BONSUKROM,ASANTA",1
2022-04-20,DOMESTIC FIRE,1,EKWEI,1
2022-04-22,DOMESTIC FIRE,1,EKWEI,1
2022-05-18,DOMESTIC FIRE,1,ESIAMA,1
2022-04-06,RAINSTORM,1,TANDAN,1
2022-06-18,FLOOD,1,AKROPONG,1
2022-06-19,FLOOD,1,ADUBRIM,1
2022-08-27,DOMESTIC FIRE,1,ESIAMA,1
2022-08-27,DOMESTIC FIRE,1,NKROFUL,1
2022-09-20,DOMESTIC FIRE,1,NKROFUL,1
2022-07-01,DOMESTIC FIRE,1,TARKWA NA ABOSO,1
2022-03-28,WINDSTORM,1,DOMPIM,1
2022-05-06,MAN-MADE,1,TARKWA BANSO,1
2022-06-05,DOMESTIC FIRE,1,AKOON,1
2022-06-06,DOMESTIC FIRE,1,DOMPIM,1
2022-06-21,LANDSLIDE,1,TEBEREBE JUNCTION,1
2022-08-08,MAN MADE,1,BONSA,1
12/10/2022`,DOMESTIC FIRE,1,BENSO-NINGO,1
2022-10-27,DOMESTIC FIRE,1,BENSO-NEWSITE,1
2022-11-02,DOMESTIC FIRE,1,BRAHABEBOME,1
2022-11-20,DOMESTIC FIRE,1,NZEMALINE,1
2022-06-01,DOMESTIC FIRE,1,BONDAYE,1
2022-01-17,DOMESTIC FIRE,1,SANKOFA,1
2022-01-19,RAINSTORM,1,ABOSO,1
2022-01-30,DOMESTIC FIRE,1,ATITSO,1
2022-01-20,GAS EXPLOSION,1,APPEATSE,1
2022-01-30,DOMESTIC FIRE,1,KRUTOWN,1
2022-04-08,RAINSTORM,1,APPIATSE,1
2022-05-02,DOMESTIC FIRE,1,DAMANG,1
2022-05-02,MAN MADE,1,APPIATSE,1
2022-06-25,DOMESTIC FIRE,1,ADJEIKROM,1
2023-07-10,DOMESTIC FIRE,1,BOGOSO,1
2023-10-16,MAN MADE,1,FANTI MINES SHAFT,1
2022-11-19,MAN MADE,1,BOGOSO,1
2022-02-19,WINDSTORM,1,WASSA MOSEASO,1
2022-02-19,RAINSTORM,1,"WASSA AKODAAKROM,AKROPONG, DAWURAMPONG,ADONNOE",1
2022-02-19,DOMESTIC FIRE,1,WASSA AFRANSIE,1
2022-06-13,FLOOD,1,WASSA ANKYIASE,1
2022-06-14,FLOOD,1,WASSA BAWDIE,1
2022-06-15,FLOOD,1,WASSA ASUNDUA,1
2022-06-16,RAINSTORM,1,OPPONG VALLEY,1
2022-06-20,WINDSTORM,1,WASSA MAMEISO,1
2022-08-15,COMMERCIAL FIRE,1,PRESTEA NKWANTA,1
2022-09-28,FLOOD,1,"SALAMI,EDUCATION,HOSPITAL RIDGE,DWENASE",1
2022-09-29,FLOOD,1,"LOW COST,IBS DOWN,MARTA,KWESI BUKRO",1
2022-01-24,DOMESTIC FIRE,1,"DABOASE,SEKYERE ABOADZERAM",1
2022-02-15,WINDSTORM,1,EDWENASE,1
2022-02-03,WINDSTORM,1,TORSEN,1
2022-03-15,WINDSTORM,1,DABOASE,1
2022-06-08,WINDSTORM,1,SEKYERE ABOROADZEMU,1
2022-06-13,WINDSTORM,1,ATEIKU,1
2022-06-18,WINDSTORM,1,"ATEIKU,AKUTUASE",1
2022-05-10,DROWNING,1,SKYEREHIMAN,1
2022-01-16,BIRD FLU,1,AIRPORT RIDGE,1
2022-01-17,DOMESTIC FIRE,1,ANAJI,1
2022-01-01,DOMESTIC FIRE,1,TTI,1
2022-06-05,WINDSTORM,1,EAST TANOKROM,1
2022-05-13,DOMESTIC FIRE,1,BANKYEASE,1
2022-06-16,COMMERCIAL FIRE,1,ABENBOBOM,1
2022-06-15,FLOOD,1,MUNICIPALITY,1
2022-06-18,COMMERCIAL FIRE,1,EFFIAKUMA ZONGO,1
2022-06-23,DOMESTIC FIRE,1,K.PROPER,1
2022-07-25,DOMESTIC FIRE,1,J COMPOUND,1
2022-08-26,DOMESTIC FIRE,1,NO.2 J2 COMPOUND,1
2022-12-09,DOMESTIC FIRE,1,K PROPER,1
8+A197+B195+B195:Y196,COMMERCIAL FIRE,1,QUEEN OF PEACE,1
2022-10-17,DOMESTIC FIRE,1,APOLLO SANKOBA,1
2022-03-11,DOMESTIC FIRE,1,HEAVEN ON EARTH,1
2022-01-26,DOMESTIC FIRE,1,ABOI,1
2022-05-20,RAINSTORM,1,TANOKROM,1
2022-05-20,MAN MADE,1,MBOFRADWEN,1
2022-05-23,FLOOD,1,"CANAAN,SAMREBOI",1
2022-06-02,DOMESTIC FIRE,1,DOMEAKROM,1
2022-06-24,FLOOD,1,FORDJOKROM,1
2022-06-29,DROWNING,1,PONTOSO,1
2022-06-04,RAINSTORM,1,AGYEZA,1
2022-04-13,DOMESTIC FIRE,1,ALLOWULE,1
2022-04-23,DOMESTIC FIRE,1,H/ASSINI,1
2022-06-23,RAINSTORM,1,"NEW NZULEZO,MPATADO",1
2022-06-25,FLOOD,1,"BEYIN,ELLOYIN,GHANA NUGUA,ALOMATOUPE,JAWAY WHARF,ELUBO,HALF ASSINI,ATWEBANSO,EDOBO,NEW TOWN WHARF",1
2022-09-07,FLOOD,1,"ELUBO,ANWIAFUTU,SOWODAZIM",1
2022-07-18,DOMESTIC FIRE,1,"HALF ASSINI,JAWAY WHARF,MPEASEM,SENTE",1
2022-08-26,MAN MADE,1,MPEASEM,1
2022-10-09,MAN MADE,1,SENTE,1
2022-02-12,DOMESTIC FIRE,1,BONYERE BANKYIN,1
2022-10-12,DOMESTIC FIRE,1,SOWUDADZIM,1
2022-12-13,DOMESTIC FIRE,1,BAWIA,1
2022-12-15,DOMESTIC FIRE,1,NVELLENU,1
2022-12-16,DOMESTIC FIRE,1,MBEM,1
2022-12-18,RAINSTORM,1,"MPATABA,NEW NZULEZO",1
2022-05-03,DOMESTIC FIRE,1,AKANGO,1
2022-05-18,FLOOD,1,AKOSONU,1
2022-05-21,FLOOD,1,BOMOKROM,1
2022-06-22,FLOOD,1,"AKANGO,AKOSONU,BOMOKROM,AWOLEZO,BANKYIM,BOKRO,AJOMORO,AYISAKRO",1
2022-07-15,FLOOD,1,AVREBO,1
2022-07-16,FLOOD,1,AHUNYAME,1
2022-04-01,COMERCIAL FIRE,1,TAKORADI MARKET,1
2022-05-01,DOMESTIC FIRE,1,KWEIKUMA RIDGE,1
2022-05-09,COMERCIAL FIRE,1,KWEIKUMA BUS TOP,1
2022-05-09,RAINSTORM,1,KANSAWORODO,1
2022-06-15,MAN MADE,1,"KOJOKROM,WEST FIJAI,DIABENE,ADAKOPE,KWEIKUMA RIDGE",1
2022-06-15,LANDSLIDE,1,"WEST FIJAI,KOJOKROM,ENOE",1
2022-03-07,DOMESTIC FIRE,1,LOWER NEW TAKORADI,1
2022-07-25,DOMESTIC FIRE,1,ADAKOPE,1
15/9/222,DOMESTIC FIRE,1,KOKOMPE NO.1,1
2022-12-10,COMMERCIAL FIRE,1,ESIKAFOAMBANTEM NO1,1
2022-10-24,DOMESTIC FIRE,1,SEK. RAILWAYS SLUMS,1
2022-03-12,MAN-MADE,1,SEK. RAILWAYS SLUMS,1
2023-12-21,MAN-MADE,1,ESSIKADO,1
2023-05-01,DOMESTIC FIRE,1,MPOHOR,1
2023-08-02,WINDSTORM,1,BANSO,1
2023-03-17,WINDSTORM,1,"MANSO,BANSO,EDAA,DOMINASE",1
2023-10-06,RAINSTORM,1,MANSO,1
2023-06-21,FLOOD,1,"DOMINASE,TREBOUM,AYIEM,MPOHOR,BANSO",1
2023-01-27,RAINSTORM,1,BEPOSO,1
2023-05-02,RAINSTORM,1,"INCHABAN,ESSUMANKROM",1
2023-03-25,DOMESTIC FIRE,1,ABOADZE,1
2023-03-28,DOMESTIC FIRE,1,SHAMA,1
2023-04-21,DOMESTIC FIRE,1,ANLO BEACH,1
2023-06-25,FLOOD,1,SUPOMU-DUNKWA,1
2023-09-09,CHEEMICAL EXPLOSION,1,"ANTO,ABOSO,DUNKWA,OHIAMADWEN,OLD DABOASE JUNCTION,ASSORKO,KWAABENANOKROM,NEW DABOASE JUNCTION",1
2023-09-20,TIDAL WAVE,1,ANLO BEACH,1
2023-10-16,MAN MADE(BUILDING COLLAPSE),1,SHAMA JUNCTION,1
2023-12-18,DOMESTIC FIRE,1,BEPOSO,1
2023-05-02,DOMESTIC FIRE,1,SANZULE EWE COMM.,1
2023-05-02,WINDSTORM,1,SANZULE EWE COMM.,1
2023-06-02,DOMESTIC FIRE,1,AKOTO,1
2023-10-02,DOMESTIC FIRE,1,AZULELOANU,1
2023-01-14,ROAD ACCIDENT,1,NEW BAKANTA,1
2023-02-25,ROAD ACCIDENT,1,ESIAMA,1
2023-10-03,ROAD ACCIDENT,1,ESIAMA,1
2023-03-02,DOMESTIC FIRE,1,AKYEMPIM,1
2023-04-02,WINDSTORM,1,BADUKROM,1
2023-08-02,DOMESTIC FIRE,1,CYANIDE,1
2023-03-28,INDUSTRIAL FIRE,1,AKYEMPIM,1
23-30/7/2023,RAINSTORM,1,"EFUANTA,KYEKYERWERE,ESUOSO,ADEYIE,BONSA,NKRAN,ADIEWOSO,ESSAMANG",1
2023-09-13,GALAMSEY PIT COLLAPSE,1,BONSA,1
2023-09-23,GALAMSEY PIT COLLAPSE,1,BONSAWIRE,1
2023-11-27,DOMESTIC FIRE,1,"ENYINASE,NSUAEM",1
2023-06-12,DROWN,1,TEBEREBIE,1
2023-04-05,FLOOD,1,"WASSA AKROPONG,ABROKYIRE KROBO,AFRANSIE",1
2023-07-18,FLOOD,1,"JUKWAA,HEMAA,ASUNDA",1
2023-06-08,FLOOD,1,"WASSA ASIKUMA,WASSA ADANSE,GYEDUA,BAWDIE",1
26/11/23,RAINSTORM,1,"DAMOAKROM,WASSA AKROPONG",1
2023-08-02,RAINSTORM,1,SOFO ZONGO,1
2023-04-15,DOMESTIC FIRE,1,KWESIMINTSIM,1
2023-06-20,FLOOD,1,WHINDO,1
2023-06-21,FLOOD,1,ADIENTEM,1
2023-06-22,FLOOD,1,RACE COURSE,1
2023-06-23,FLOOD,1,"KWESIMINTSIM,I ADU",1
2023-06-24,FLOOD,1,EFFIA,1
2023-06-25,FLOOD,1,ANAJI,1
2023-05-02,RAINSTORM,1,NFANTE LANE,1
2023-09-03,COMMERCIAL FIRE,1,WASSA DUNKWA,1
2023-09-03,RAINSTORM,1,BISSASO,1
21-24/6/2023,FLOOD,2,"ASAKRANGUA,SAMREABOI,KOKOASE",1
2023-06-03,RAINSTORM,1,"GHANA NUNGUA, COCOA TOWN.JAWAY",1
2023-07-03,DOMESTIC FIRE,1,HALF ASSINI,1
2023-10-06,FLOOD,1,ANLOMATUOPE,1
2023-10-26,DOMESTIC FIRE,1,NVELLENU,1
2023-12-22,DOMESTIC FIRE,1,HALF ASSINI,1
2023-02-15,DOMESTIC FIRE,1,REGIMANUEL ESTATE,1
2023-03-01,DOMESTIC FIRE,1,LOWER NEW TAKORADI,1
2023-02-02,DOMESTIC FIRE,1,SEKONDI,1
2023-04-04,DOMESTIC FIRE,1,KOJOKROM ALATASEMENAFOM,1
2023-07-04,MAN MADE (BUILDING COLLAPSE),1,TAKORADI AMANFUL,1
2023-06-05,DOMESTIC FIRE,1,FIJAI TOWN,1
2023-05-23,DOMESTIC FIRE,1,TAKORADI ZENITH AREA,1
2023-05-30,DOMESTIC FIRE,1,KWEIKUMA CAPRICE,1
10-21-24/24/06/203,FLOOD,3,TAKORADI ADAKOPE,1
2023-06-24,FLOOD,1,BAKAEKYIR,1
2023-06-23,LANDSLIDE,1,OBOKROM,1
2023-04-07,DOMESTIC FIRE,1,TAKORADI MANKWADZI ROAD,1
2023-12-07,FLOOD,1,"NKROFUL,DIABENE,KANSAWORODO",1
2023-12-07,BUILDING COLLAPSE,1,BU JUNCTION,1
2023-11-11,MAN MADE(DROWNING),1,MPINTSIN,1
2023-10-29,MAN MADE(BUILDING COLLAPSE),1,NKETSIAKROM,1
2023-03-03,DOMESTIC FIRE,1,KAKUSUADO,1
2023-11-03,DOMESTIC FIRE,1,NSEIN,1
2023-11-03,DOMESTIC FIRE,1,AKYINIM,1
2023-03-14,RAINSTORM,1,ASSUAWUAH,1
2023-03-14,RAINSTORM,1,BAMIAKOR,1
